{
  "mean": [
    579.3455674206107,
    48.786944554300376,
    5.8173346253858655,
    32.40533713247956,
    1.1949339086516966,
    1.7431362378976487
  ],
  "std": [
    25.898005424381832,
    16.633628980751546,
    3.459821982490674,
    4.866246724480325,
    0.3614539543156411,
    0.43690362616834627
  ]
}